<?xml version="1.0" encoding="UTF-8"?>
<actor PGFVersion="0.24" id="id407451" GSCVersion="1.24.42"><attributes><text id="name">Ball</text><real id="time">0</real><point id="position"><real id="x">0</real><real id="y">0</real></point><size id="size"><real id="width">100</real><real id="height">100</real></size><angle id="rotation">0</angle><color id="color"><real id="red">1</real><real id="green">1</real><real id="blue">1</real><real id="alpha">1</real></color><image id="image">751_multi</image><text id="tags"></text><boolean id="preloadArt">true</boolean></attributes><behaviors><behavior enabled="true" id="id738352" class="RuleBehavior"><attributes><text id="name">Rule: Ball hits boundary</text><text id="bundleName">Rule.behavior</text><real id="compoundConditionKind">1</real></attributes><conditions><condition id="id304250" pluginPredicateTypeIndex="0" eventType="overlaps or collides"><attributes><index id="conditionType">0</index></attributes><predicate type="collision"><attributes><text id="prototypeKey">id936282</text><text id="actorTag"></text><real id="mode">0</real></attributes></predicate></condition><condition id="id587186" pluginPredicateTypeIndex="0" eventType="overlaps or collides"><attributes><index id="conditionType">0</index></attributes><predicate type="collision"><attributes><text id="prototypeKey">id499418</text><text id="actorTag"></text><real id="mode">0</real></attributes></predicate></condition></conditions><behaviors><behavior id="id476550" class="ChangeAttributeAction" enabled="true"><attributes><text id="name">Change Attribute</text><text id="bundleName">ChangeAttribute.behavior</text><text id="targetAttribute">self.aspects.motion.attributes.linearVelocity.y</text><text id="RHS"><expression><reference keypath="self.aspects.motion.attributes.linearVelocity.y"/><string xml:space="preserve">*(-1)</string></expression></text></attributes></behavior></behaviors><elseBehaviors/></behavior><behavior enabled="true" id="id611537" class="RuleBehavior"><attributes><text id="name">Rule: Ball hits paddle</text><text id="bundleName">Rule.behavior</text><real id="compoundConditionKind">1</real></attributes><conditions><condition id="id164642" pluginPredicateTypeIndex="0" eventType="overlaps or collides"><attributes><index id="conditionType">0</index></attributes><predicate type="collision"><attributes><text id="prototypeKey">id560327</text><text id="actorTag"></text><real id="mode">0</real></attributes></predicate></condition><condition id="id186112" pluginPredicateTypeIndex="0" eventType="overlaps or collides"><attributes><index id="conditionType">0</index></attributes><predicate type="collision"><attributes><text id="prototypeKey">id870036</text><text id="actorTag"></text><real id="mode">0</real></attributes></predicate></condition></conditions><behaviors><behavior id="id153349" class="ChangeAttributeAction" enabled="true"><attributes><text id="name">Change Attribute</text><text id="bundleName">ChangeAttribute.behavior</text><text id="targetAttribute">self.aspects.motion.attributes.linearVelocity.x</text><text id="RHS"><expression><reference keypath="self.aspects.motion.attributes.linearVelocity.x"/><string xml:space="preserve">*(-1)</string></expression></text></attributes></behavior></behaviors><elseBehaviors/></behavior></behaviors><aspects><graphics><attributes><boolean id="visible">true</boolean><enumeration id="blendingMode">0</enumeration><enumeration id="horizontalWrap">0</enumeration><enumeration id="verticalWrap">0</enumeration><enumeration id="horizontalAnchor">0</enumeration><enumeration id="verticalAnchor">0</enumeration><boolean id="flipHorizontally">false</boolean><boolean id="flipVertically">false</boolean><integer id="tileWidth">100</integer><integer id="tileHeight">100</integer></attributes></graphics><motion><attributes><point id="linearVelocity"><real id="x">60</real><real id="y">20</real></point><point id="centerOfMass"><real id="x">0</real><real id="y">0</real></point><real id="angularVelocity">0</real><real id="maxSpeed">0</real><boolean id="applyMaxSpeed">false</boolean></attributes></motion><physics><attributes><real id="density">1</real><real id="friction">3</real><real id="restitution">1</real><boolean id="fixedRotation">false</boolean><boolean id="movable">true</boolean><enumeration id="collisionShape">0</enumeration><real id="drag">0</real><real id="angularDrag">0</real></attributes></physics></aspects></actor>
