<?xml version="1.0" encoding="UTF-8"?>
<game GSCVersion="1.24.42" PGFVersion="0.24" title="Pong"><resolutionIndependence>0</resolutionIndependence><instructions>Add game instructions here.</instructions><resolution>7</resolution><scenes><scene id="id269551" label="Initial Scene"/></scenes><longDescription>This is literally THE MOST BASIC PONG GAME you will ever find.</longDescription><prototypes><actor id="id560327"/><actor id="id870036"/><actor id="id407451"/><actor id="id936282"/><actor id="id499418"/></prototypes><plugins><attributes id="playhaven"/><attributes id="qqgamecenter"><boolean id="enabled">false</boolean></attributes></plugins><networkEnabled>0</networkEnabled><attributes><text id="name">default name</text><real id="time">0</real><size id="displaySize"><real id="width">480</real><real id="height">320</real></size><text id="actorTags"></text><enumeration id="playerType">1</enumeration><playermap id="player1 Keymap"><text id="dpadUp"></text><text id="dpadDown"></text><text id="dpadLeft"></text><text id="dpadRight"></text><text id="buttonX"></text><text id="buttonY"></text><text id="buttonA"></text><text id="buttonB"></text><text id="start"></text><text id="select"></text><text id="leftShoulder1"></text><text id="rightShoulder1"></text><text id="leftShoulder2"></text><text id="rightShoulder2"></text><text id="leftStickClick"></text><text id="rightStickClick"></text></playermap><playermap id="player2 Keymap"><text id="dpadUp"></text><text id="dpadDown"></text><text id="dpadLeft"></text><text id="dpadRight"></text><text id="buttonX"></text><text id="buttonY"></text><text id="buttonA"></text><text id="buttonB"></text><text id="start"></text><text id="select"></text><text id="leftShoulder1"></text><text id="rightShoulder1"></text><text id="leftShoulder2"></text><text id="rightShoulder2"></text><text id="leftStickClick"></text><text id="rightStickClick"></text></playermap><playermap id="player3 Keymap"><text id="dpadUp"></text><text id="dpadDown"></text><text id="dpadLeft"></text><text id="dpadRight"></text><text id="buttonX"></text><text id="buttonY"></text><text id="buttonA"></text><text id="buttonB"></text><text id="start"></text><text id="select"></text><text id="leftShoulder1"></text><text id="rightShoulder1"></text><text id="leftShoulder2"></text><text id="rightShoulder2"></text><text id="leftStickClick"></text><text id="rightStickClick"></text></playermap><playermap id="player4 Keymap"><text id="dpadUp"></text><text id="dpadDown"></text><text id="dpadLeft"></text><text id="dpadRight"></text><text id="buttonX"></text><text id="buttonY"></text><text id="buttonA"></text><text id="buttonB"></text><text id="start"></text><text id="select"></text><text id="leftShoulder1"></text><text id="rightShoulder1"></text><text id="leftShoulder2"></text><text id="rightShoulder2"></text><text id="leftStickClick"></text><text id="rightStickClick"></text></playermap><playermap id="player5 Keymap"><text id="dpadUp"></text><text id="dpadDown"></text><text id="dpadLeft"></text><text id="dpadRight"></text><text id="buttonX"></text><text id="buttonY"></text><text id="buttonA"></text><text id="buttonB"></text><text id="start"></text><text id="select"></text><text id="leftShoulder1"></text><text id="rightShoulder1"></text><text id="leftShoulder2"></text><text id="rightShoulder2"></text><text id="leftStickClick"></text><text id="rightStickClick"></text></playermap><playermap id="player6 Keymap"><text id="dpadUp"></text><text id="dpadDown"></text><text id="dpadLeft"></text><text id="dpadRight"></text><text id="buttonX"></text><text id="buttonY"></text><text id="buttonA"></text><text id="buttonB"></text><text id="start"></text><text id="select"></text><text id="leftShoulder1"></text><text id="rightShoulder1"></text><text id="leftShoulder2"></text><text id="rightShoulder2"></text><text id="leftStickClick"></text><text id="rightStickClick"></text></playermap><playermap id="player7 Keymap"><text id="dpadUp"></text><text id="dpadDown"></text><text id="dpadLeft"></text><text id="dpadRight"></text><text id="buttonX"></text><text id="buttonY"></text><text id="buttonA"></text><text id="buttonB"></text><text id="start"></text><text id="select"></text><text id="leftShoulder1"></text><text id="rightShoulder1"></text><text id="leftShoulder2"></text><text id="rightShoulder2"></text><text id="leftStickClick"></text><text id="rightStickClick"></text></playermap><playermap id="player8 Keymap"><text id="dpadUp"></text><text id="dpadDown"></text><text id="dpadLeft"></text><text id="dpadRight"></text><text id="buttonX"></text><text id="buttonY"></text><text id="buttonA"></text><text id="buttonB"></text><text id="start"></text><text id="select"></text><text id="leftShoulder1"></text><text id="rightShoulder1"></text><text id="leftShoulder2"></text><text id="rightShoulder2"></text><text id="leftStickClick"></text><text id="rightStickClick"></text></playermap><table name="PurchaseTable" id="id238748">PurchaseTable</table></attributes></game>
