<?xml version="1.0" encoding="UTF-8"?>
<scene id="id269551" GSCVersion="1.24.42" PGFVersion="0.24"><layers><layer id="id112326"><actors><actor id="id252290" prototype="id560327"><attributes><point id="position"><real id="x">70</real><real id="y">161</real></point></attributes><aspects/></actor><actor id="id876835" prototype="id870036"><attributes><point id="position"><real id="x">410</real><real id="y">169</real></point><size id="size"><real id="width">24</real><real id="height">100</real></size></attributes><aspects/></actor><actor id="id788543" prototype="id407451"><attributes><point id="position"><real id="x">252.5</real><real id="y">169</real></point><size id="size"><real id="width">51</real><real id="height">54</real></size></attributes><aspects/></actor><actor id="id171069" prototype="id936282"><attributes><point id="position"><real id="x">241.5</real><real id="y">291</real></point><size id="size"><real id="width">423</real><real id="height">30</real></size></attributes><aspects/></actor><actor id="id547312" prototype="id499418"><attributes><point id="position"><real id="x">239.5</real><real id="y">28.5</real></point><size id="size"><real id="width">401</real><real id="height">29</real></size></attributes><aspects/></actor></actors><attributes><text id="name">Background</text><boolean id="scrollable">true</boolean></attributes></layer></layers><attributes><text id="name">Initial Scene</text><real id="time">0</real><size id="size"><real id="width">480</real><real id="height">320</real></size><boolean id="wrapX">false</boolean><boolean id="wrapY">false</boolean><point id="gravity"><real id="x">0</real><real id="y">0</real></point><color id="color"><real id="red">1</real><real id="green">1</real><real id="blue">1</real><real id="alpha">1</real></color><rect id="camera"><point id="origin"><real id="x">0</real><real id="y">0</real></point><size id="size"><real id="width">480</real><real id="height">320</real></size><size id="trackingArea"><real id="width">400</real><real id="height">240</real></size><real id="rotation">0</real></rect><attributes id="autorotate"><boolean id="landscapeLeft">true</boolean><boolean id="portrait">false</boolean><boolean id="landscapeRight">false</boolean><boolean id="portraitUpsideDown">false</boolean></attributes></attributes></scene>
